<PAMDataset>
  <PAMRasterBand band="1">
    <CategoryNames>
      <Category></Category>
      <Category>Abie_Bal</Category>
      <Category>Abie_Bal__Abie_Las__Pice_Eng__Pice_Gla__Pinu_Con</Category>
      <Category>Abie_Bal__Acer_Sah</Category>
      <Category>Abie_Bal__Acer_Sah__Acer_Spp__Betu_Pap</Category>
      <Category>Abie_Bal__Acer_Sah__Acer_Spp__Betu_Pap__Popu_Spp</Category>
      <Category>Abie_Bal__Acer_Sah__Betu_All</Category>
      <Category>Abie_Bal__Acer_Sah__Betu_All__Betu_Pap</Category>
      <Category>Abie_Bal__Acer_Sah__Betu_All__Betu_Pap__Pice_Mar</Category>
      <Category>Abie_Bal__Acer_Sah__Betu_All__Betu_Pap__Pice_Mar__Popu_Tre</Category>
      <Category>Abie_Bal__Acer_Sah__Betu_All__Betu_Pap__Popu_Spp</Category>
      <Category>Abie_Bal__Acer_Sah__Betu_All__Betu_Pap__Popu_Tre</Category>
      <Category>Abie_Bal__Acer_Sah__Betu_All__Pice_Gla</Category>
      <Category>Abie_Bal__Acer_Sah__Betu_All__Pice_Gla__Popu_Tre</Category>
      <Category>Abie_Bal__Acer_Sah__Betu_All__Pice_Mar</Category>
      <Category>Abie_Bal__Acer_Sah__Betu_All__Popu_Tre</Category>
      <Category>Abie_Bal__Acer_Sah__Betu_Pap</Category>
      <Category>Abie_Bal__Acer_Sah__Betu_Pap__Pice_Gla</Category>
      <Category>Abie_Bal__Acer_Sah__Betu_Pap__Pice_Mar</Category>
      <Category>Abie_Bal__Acer_Sah__Betu_Pap__Popu_Spp</Category>
      <Category>Abie_Bal__Acer_Sah__Betu_Pap__Popu_Tre</Category>
      <Category>Abie_Bal__Acer_Sah__Lari_Lar</Category>
      <Category>Abie_Bal__Acer_Sah__Pice_Gla</Category>
      <Category>Abie_Bal__Acer_Sah__Pice_Gla__Pice_Mar</Category>
      <Category>Abie_Bal__Acer_Sah__Pice_Gla__Popu_Tre</Category>
      <Category>Abie_Bal__Acer_Sah__Pice_Mar</Category>
      <Category>Abie_Bal__Acer_Sah__Pice_Mar__Popu_Tre</Category>
      <Category>Abie_Bal__Acer_Sah__Popu_Spp</Category>
      <Category>Abie_Bal__Acer_Sah__Popu_Tre</Category>
      <Category>Abie_Bal__Alnu_Spp</Category>
      <Category>Abie_Bal__Alnu_Spp__Betu_Pap__Pice_Mar</Category>
      <Category>Abie_Bal__Alnu_Spp__Betu_Pap__Pice_Mar__Popu_Tre</Category>
      <Category>Abie_Bal__Alnu_Spp__Pice_Mar</Category>
      <Category>Abie_Bal__Alnu_Spp__Pice_Mar__Popu_Bal</Category>
      <Category>Abie_Bal__Alnu_Spp__Pice_Mar__Popu_Bal__Tsug_Spp</Category>
      <Category>Abie_Bal__Alnu_Spp__Pice_Mar__Popu_Tre</Category>
      <Category>Abie_Bal__Alnu_Spp__Popu_Tre</Category>
      <Category>Abie_Bal__Betu_All</Category>
      <Category>Abie_Bal__Betu_All__Betu_Pap</Category>
      <Category>Abie_Bal__Betu_All__Betu_Pap__Pice_Gla</Category>
      <Category>Abie_Bal__Betu_All__Betu_Pap__Pice_Mar</Category>
      <Category>Abie_Bal__Betu_All__Betu_Pap__Pice_Mar__Popu_Tre</Category>
      <Category>Abie_Bal__Betu_All__Betu_Pap__Popu_Tre</Category>
      <Category>Abie_Bal__Betu_All__Popu_Tre</Category>
      <Category>Abie_Bal__Betu_Pap</Category>
      <Category>Abie_Bal__Betu_Pap__Lari_Lar__Popu_Tre</Category>
      <Category>Abie_Bal__Betu_Pap__Pice_Gla</Category>
      <Category>Abie_Bal__Betu_Pap__Pice_Gla__Pice_Mar</Category>
      <Category>Abie_Bal__Betu_Pap__Pice_Gla__Pice_Mar__Popu_Tre</Category>
      <Category>Abie_Bal__Betu_Pap__Pice_Gla__Popu_Tre</Category>
      <Category>Abie_Bal__Betu_Pap__Pice_Mar</Category>
      <Category>Abie_Bal__Betu_Pap__Pice_Mar__Pinu_Ban</Category>
      <Category>Abie_Bal__Betu_Pap__Pice_Mar__Pinu_Ban__Pinu_Res</Category>
      <Category>Abie_Bal__Betu_Pap__Pice_Mar__Pinu_Ban__Pinu_Res__Popu_Spp</Category>
      <Category>Abie_Bal__Betu_Pap__Pice_Mar__Pinu_Ban__Popu_Spp</Category>
      <Category>Abie_Bal__Betu_Pap__Pice_Mar__Pinu_Ban__Popu_Spp__Popu_Tre</Category>
      <Category>Abie_Bal__Betu_Pap__Pice_Mar__Pinu_Ban__Popu_Tre</Category>
      <Category>Abie_Bal__Betu_Pap__Pice_Mar__Pinu_Res</Category>
      <Category>Abie_Bal__Betu_Pap__Pice_Mar__Pinu_Res__Popu_Spp</Category>
      <Category>Abie_Bal__Betu_Pap__Pice_Mar__Popu_Spp</Category>
      <Category>Abie_Bal__Betu_Pap__Pice_Mar__Popu_Spp__Popu_Tre</Category>
      <Category>Abie_Bal__Betu_Pap__Pice_Mar__Popu_Tre</Category>
      <Category>Abie_Bal__Betu_Pap__Pinu_Ban</Category>
      <Category>Abie_Bal__Betu_Pap__Pinu_Ban__Pinu_Res</Category>
      <Category>Abie_Bal__Betu_Pap__Pinu_Ban__Pinu_Res__Popu_Spp</Category>
      <Category>Abie_Bal__Betu_Pap__Pinu_Ban__Popu_Spp</Category>
      <Category>Abie_Bal__Betu_Pap__Pinu_Res</Category>
      <Category>Abie_Bal__Betu_Pap__Pinu_Res__Popu_Spp</Category>
      <Category>Abie_Bal__Betu_Pap__Popu_Spp</Category>
      <Category>Abie_Bal__Betu_Pap__Popu_Tre</Category>
      <Category>Abie_Bal__Lari_Lar</Category>
      <Category>Abie_Bal__Lari_Lar__Pice_Gla</Category>
      <Category>Abie_Bal__Lari_Lar__Pice_Gla__Pice_Mar</Category>
      <Category>Abie_Bal__Lari_Lar__Pice_Mar</Category>
      <Category>Abie_Bal__Lari_Lar__Pice_Mar__Pinu_Ban__Popu_Tre</Category>
      <Category>Abie_Bal__Lari_Lar__Pice_Mar__Popu_Spp</Category>
      <Category>Abie_Bal__Lari_Lar__Pice_Mar__Popu_Tre</Category>
      <Category>Abie_Bal__Pice_Eng__Pice_Gla__Pinu_Con</Category>
      <Category>Abie_Bal__Pice_Gla</Category>
      <Category>Abie_Bal__Pice_Gla__Pice_Mar</Category>
      <Category>Abie_Bal__Pice_Gla__Pice_Mar__Pinu_Con</Category>
      <Category>Abie_Bal__Pice_Gla__Pice_Mar__Pinu_Con__Pinu_Spp</Category>
      <Category>Abie_Bal__Pice_Gla__Pice_Mar__Pinu_Con__Popu_Tre</Category>
      <Category>Abie_Bal__Pice_Gla__Pice_Mar__Popu_Tre</Category>
      <Category>Abie_Bal__Pice_Gla__Popu_Tre</Category>
      <Category>Abie_Bal__Pice_Mar</Category>
      <Category>Abie_Bal__Pice_Mar__Pinu_Ban</Category>
      <Category>Abie_Bal__Pice_Mar__Pinu_Ban__Pinu_Res</Category>
      <Category>Abie_Bal__Pice_Mar__Pinu_Ban__Popu_Spp</Category>
      <Category>Abie_Bal__Pice_Mar__Pinu_Ban__Popu_Spp__Popu_Tre</Category>
      <Category>Abie_Bal__Pice_Mar__Pinu_Ban__Popu_Tre</Category>
      <Category>Abie_Bal__Pice_Mar__Pinu_Con</Category>
      <Category>Abie_Bal__Pice_Mar__Pinu_Res</Category>
      <Category>Abie_Bal__Pice_Mar__Pinu_Res__Popu_Spp</Category>
      <Category>Abie_Bal__Pice_Mar__Popu_Bal__Tsug_Spp</Category>
      <Category>Abie_Bal__Pice_Mar__Popu_Spp</Category>
      <Category>Abie_Bal__Pice_Mar__Popu_Spp__Popu_Tre</Category>
      <Category>Abie_Bal__Pice_Mar__Popu_Tre</Category>
      <Category>Abie_Bal__Pice_Mar__Tsug_Spp</Category>
      <Category>Abie_Bal__Pinu_Ban</Category>
      <Category>Abie_Bal__Pinu_Ban__Popu_Spp</Category>
      <Category>Abie_Bal__Pinu_Ban__Popu_Tre</Category>
      <Category>Abie_Bal__Pinu_Res</Category>
      <Category>Abie_Bal__Pinu_Res__Popu_Spp</Category>
      <Category>Abie_Bal__Popu_Spp</Category>
      <Category>Abie_Bal__Popu_Tre</Category>
      <Category>Abie_Las</Category>
      <Category>Abie_Las__Betu_Pap</Category>
      <Category>Abie_Las__Betu_Pap__Pice_Eng__Pice_Spp</Category>
      <Category>Abie_Las__Betu_Pap__Pice_Eng__Pice_Spp__Pinu_Con</Category>
      <Category>Abie_Las__Betu_Pap__Pice_Eng__Pice_Spp__Pinu_Con__Popu_Tre</Category>
      <Category>Abie_Las__Betu_Pap__Pice_Gla</Category>
      <Category>Abie_Las__Betu_Pap__Pice_Gla__Pice_Mar__Pinu_Con__Popu_Tre</Category>
      <Category>Abie_Las__Betu_Pap__Pice_Gla__Pice_Spp</Category>
      <Category>Abie_Las__Betu_Pap__Pice_Gla__Pice_Spp__Pinu_Con</Category>
      <Category>Abie_Las__Betu_Pap__Pice_Gla__Pice_Spp__Pinu_Con__Popu_Tre</Category>
      <Category>Abie_Las__Betu_Pap__Pice_Gla__Pinu_Con</Category>
      <Category>Abie_Las__Betu_Pap__Pice_Gla__Pinu_Con__Popu_Tre</Category>
      <Category>Abie_Las__Betu_Pap__Pice_Spp</Category>
      <Category>Abie_Las__Betu_Pap__Pice_Spp__Pinu_Con</Category>
      <Category>Abie_Las__Betu_Pap__Pice_Spp__Pinu_Con__Popu_Tre</Category>
      <Category>Abie_Las__Betu_Pap__Pice_Spp__Popu_Tre</Category>
      <Category>Abie_Las__Betu_Pap__Pinu_Con</Category>
      <Category>Abie_Las__Betu_Pap__Pinu_Con__Popu_Tre</Category>
      <Category>Abie_Las__Betu_Spp__Pice_Gla</Category>
      <Category>Abie_Las__Betu_Spp__Pice_Gla__Pice_Mar</Category>
      <Category>Abie_Las__Betu_Spp__Pice_Gla__Pice_Mar__Pinu_Con</Category>
      <Category>Abie_Las__Betu_Spp__Pice_Gla__Pice_Mar__Pinu_Con__Popu_Tre</Category>
      <Category>Abie_Las__Betu_Spp__Pice_Gla__Pice_Mar__Popu_Tre</Category>
      <Category>Abie_Las__Betu_Spp__Pice_Gla__Pinu_Con</Category>
      <Category>Abie_Las__Betu_Spp__Pice_Gla__Pinu_Con__Popu_Tre</Category>
      <Category>Abie_Las__Betu_Spp__Pice_Gla__Popu_Tre</Category>
      <Category>Abie_Las__Betu_Spp__Pice_Mar__Popu_Tre</Category>
      <Category>Abie_Las__Lari_Lya</Category>
      <Category>Abie_Las__Lari_Lya__Pice_Eng</Category>
      <Category>Abie_Las__Lari_Lya__Pice_Eng__Pice_Spp</Category>
      <Category>Abie_Las__Lari_Lya__Pice_Eng__Pinu_Con</Category>
      <Category>Abie_Las__Lari_Lya__Pinu_Alb</Category>
      <Category>Abie_Las__Lari_Occ__Pice_Eng__Pinu_Con</Category>
      <Category>Abie_Las__Pice_Eng</Category>
      <Category>Abie_Las__Pice_Eng__Pice_Gla</Category>
      <Category>Abie_Las__Pice_Eng__Pice_Gla__Pice_Mar__Pinu_Con</Category>
      <Category>Abie_Las__Pice_Eng__Pice_Gla__Pice_Spp</Category>
      <Category>Abie_Las__Pice_Eng__Pice_Gla__Pice_Spp__Pinu_Con</Category>
      <Category>Abie_Las__Pice_Eng__Pice_Gla__Pice_Spp__Pinu_Con__Popu_Tre</Category>
      <Category>Abie_Las__Pice_Eng__Pice_Gla__Pice_Spp__Popu_Tre</Category>
      <Category>Abie_Las__Pice_Eng__Pice_Gla__Pinu_Con</Category>
      <Category>Abie_Las__Pice_Eng__Pice_Gla__Pinu_Con__Popu_Tre</Category>
      <Category>Abie_Las__Pice_Eng__Pice_Mar</Category>
      <Category>Abie_Las__Pice_Eng__Pice_Mar__Pice_Spp__Pinu_Con</Category>
      <Category>Abie_Las__Pice_Eng__Pice_Mar__Pinu_Con</Category>
      <Category>Abie_Las__Pice_Eng__Pice_Spp</Category>
      <Category>Abie_Las__Pice_Eng__Pice_Spp__Pinu_Alb</Category>
      <Category>Abie_Las__Pice_Eng__Pice_Spp__Pinu_Con</Category>
      <Category>Abie_Las__Pice_Eng__Pice_Spp__Pinu_Con__Popu_Tre</Category>
      <Category>Abie_Las__Pice_Eng__Pice_Spp__Popu_Tre</Category>
      <Category>Abie_Las__Pice_Eng__Pinu_Alb</Category>
      <Category>Abie_Las__Pice_Eng__Pinu_Alb__Pinu_Con</Category>
      <Category>Abie_Las__Pice_Eng__Pinu_Con</Category>
      <Category>Abie_Las__Pice_Eng__Pinu_Con__Pinu_Spp</Category>
      <Category>Abie_Las__Pice_Eng__Pinu_Con__Popu_Tre</Category>
      <Category>Abie_Las__Pice_Gla</Category>
      <Category>Abie_Las__Pice_Gla__Pice_Mar</Category>
      <Category>Abie_Las__Pice_Gla__Pice_Mar__Pice_Spp</Category>
      <Category>Abie_Las__Pice_Gla__Pice_Mar__Pice_Spp__Pinu_Con</Category>
      <Category>Abie_Las__Pice_Gla__Pice_Mar__Pice_Spp__Pinu_Con__Popu_Tre</Category>
      <Category>Abie_Las__Pice_Gla__Pice_Mar__Pice_Spp__Popu_Tre</Category>
      <Category>Abie_Las__Pice_Gla__Pice_Mar__Pinu_Con</Category>
      <Category>Abie_Las__Pice_Gla__Pice_Mar__Pinu_Con__Popu_Tre</Category>
      <Category>Abie_Las__Pice_Gla__Pice_Mar__Popu_Tre</Category>
      <Category>Abie_Las__Pice_Gla__Pice_Spp</Category>
      <Category>Abie_Las__Pice_Gla__Pice_Spp__Pinu_Con</Category>
      <Category>Abie_Las__Pice_Gla__Pice_Spp__Pinu_Con__Popu_Tre</Category>
      <Category>Abie_Las__Pice_Gla__Pice_Spp__Popu_Bal</Category>
      <Category>Abie_Las__Pice_Gla__Pice_Spp__Popu_Tre</Category>
      <Category>Abie_Las__Pice_Gla__Pinu_Con</Category>
      <Category>Abie_Las__Pice_Gla__Pinu_Con__Popu_Tre</Category>
      <Category>Abie_Las__Pice_Gla__Popu_Bal__Popu_Tre</Category>
      <Category>Abie_Las__Pice_Gla__Popu_Tre</Category>
      <Category>Abie_Las__Pice_Mar</Category>
      <Category>Abie_Las__Pice_Mar__Pice_Spp</Category>
      <Category>Abie_Las__Pice_Mar__Pice_Spp__Pinu_Ban</Category>
      <Category>Abie_Las__Pice_Mar__Pice_Spp__Pinu_Ban__Pinu_Con</Category>
      <Category>Abie_Las__Pice_Mar__Pice_Spp__Pinu_Con</Category>
      <Category>Abie_Las__Pice_Mar__Pice_Spp__Pinu_Con__Popu_Tre</Category>
      <Category>Abie_Las__Pice_Mar__Pice_Spp__Popu_Tre</Category>
      <Category>Abie_Las__Pice_Mar__Pinu_Ban</Category>
      <Category>Abie_Las__Pice_Mar__Pinu_Con</Category>
      <Category>Abie_Las__Pice_Mar__Pinu_Con__Popu_Tre</Category>
      <Category>Abie_Las__Pice_Mar__Popu_Tre</Category>
      <Category>Abie_Las__Pice_Spp</Category>
      <Category>Abie_Las__Pice_Spp__Pinu_Alb</Category>
      <Category>Abie_Las__Pice_Spp__Pinu_Alb__Pinu_Con</Category>
      <Category>Abie_Las__Pice_Spp__Pinu_Con</Category>
      <Category>Abie_Las__Pice_Spp__Pinu_Con__Popu_Bal</Category>
      <Category>Abie_Las__Pice_Spp__Pinu_Con__Popu_Tre</Category>
      <Category>Abie_Las__Pice_Spp__Pinu_Con__Tsug_Spp</Category>
      <Category>Abie_Las__Pice_Spp__Popu_Bal</Category>
      <Category>Abie_Las__Pice_Spp__Popu_Bal__Popu_Tre</Category>
      <Category>Abie_Las__Pice_Spp__Popu_Bal__Tsug_Spp</Category>
      <Category>Abie_Las__Pice_Spp__Popu_Tre</Category>
      <Category>Abie_Las__Pice_Spp__Popu_Tre__Tsug_Spp</Category>
      <Category>Abie_Las__Pice_Spp__Tsug_Spp</Category>
      <Category>Abie_Las__Pinu_Alb</Category>
      <Category>Abie_Las__Pinu_Alb__Pinu_Con</Category>
      <Category>Abie_Las__Pinu_Con</Category>
      <Category>Abie_Las__Pinu_Con__Popu_Tre</Category>
      <Category>Abie_Las__Pinu_Con__Tsug_Spp</Category>
      <Category>Abie_Las__Popu_Bal</Category>
      <Category>Abie_Las__Popu_Bal__Popu_Tre</Category>
      <Category>Abie_Las__Popu_Bal__Popu_Tre__Tsug_Spp</Category>
      <Category>Abie_Las__Popu_Bal__Tsug_Spp</Category>
      <Category>Abie_Las__Popu_Tre</Category>
      <Category>Abie_Las__Popu_Tre__Tsug_Spp</Category>
      <Category>Abie_Las__Tsug_Spp</Category>
      <Category>Acer_Neg__Lari_Lar__Pice_Mar</Category>
      <Category>Acer_Neg__Lari_Lar__Pice_Mar__Popu_Tre</Category>
      <Category>Acer_Neg__Popu_Tre</Category>
      <Category>Acer_Sah</Category>
      <Category>Acer_Sah__Acer_Spp</Category>
      <Category>Acer_Sah__Acer_Spp__Betu_All</Category>
      <Category>Acer_Sah__Acer_Spp__Betu_Pap</Category>
      <Category>Acer_Sah__Acer_Spp__Betu_Pap__Popu_Spp</Category>
      <Category>Acer_Sah__Acer_Spp__Popu_Spp</Category>
      <Category>Acer_Sah__Acer_Spp__Tsug_Can</Category>
      <Category>Acer_Sah__Betu_All</Category>
      <Category>Acer_Sah__Betu_All__Betu_Pap</Category>
      <Category>Acer_Sah__Betu_All__Betu_Pap__Pice_Mar</Category>
      <Category>Acer_Sah__Betu_All__Betu_Pap__Popu_Spp</Category>
      <Category>Acer_Sah__Betu_All__Betu_Pap__Popu_Tre</Category>
      <Category>Acer_Sah__Betu_All__Fagu_Gra</Category>
      <Category>Acer_Sah__Betu_All__Pice_Gla</Category>
      <Category>Acer_Sah__Betu_All__Popu_Spp</Category>
      <Category>Acer_Sah__Betu_All__Tsug_Can</Category>
      <Category>Acer_Sah__Betu_Pap</Category>
      <Category>Acer_Sah__Betu_Pap__Pice_Mar</Category>
      <Category>Acer_Sah__Betu_Pap__Pice_Mar__Pinu_Ban</Category>
      <Category>Acer_Sah__Betu_Pap__Pice_Mar__Popu_Spp</Category>
      <Category>Acer_Sah__Betu_Pap__Pinu_Ban__Popu_Spp</Category>
      <Category>Acer_Sah__Betu_Pap__Popu_Spp</Category>
      <Category>Acer_Sah__Betu_Pap__Popu_Tre</Category>
      <Category>Acer_Sah__Fagu_Gra</Category>
      <Category>Acer_Sah__Lari_Lar</Category>
      <Category>Acer_Sah__Pice_Gla</Category>
      <Category>Acer_Sah__Pice_Mar</Category>
      <Category>Acer_Sah__Pice_Mar__Popu_Spp</Category>
      <Category>Acer_Sah__Pinu_Ban__Popu_Spp</Category>
      <Category>Acer_Sah__Pinu_Res__Popu_Spp</Category>
      <Category>Acer_Sah__Popu_Spp</Category>
      <Category>Acer_Sah__Popu_Tre</Category>
      <Category>Acer_Sah__Tsug_Can</Category>
      <Category>Alnu_Spp</Category>
      <Category>Alnu_Spp__Betu_Pap__Pice_Mar</Category>
      <Category>Alnu_Spp__Lari_Lar__Pice_Mar</Category>
      <Category>Alnu_Spp__Pice_Mar</Category>
      <Category>Alnu_Spp__Pice_Mar__Pinu_Res</Category>
      <Category>Alnu_Spp__Pice_Mar__Popu_Tre</Category>
      <Category>Alnu_Spp__Popu_Tre</Category>
      <Category>Betu_All</Category>
      <Category>Betu_All__Betu_Pap</Category>
      <Category>Betu_All__Betu_Pap__Pice_Mar</Category>
      <Category>Betu_All__Betu_Pap__Pice_Mar__Popu_Spp</Category>
      <Category>Betu_All__Betu_Pap__Pice_Mar__Popu_Tre</Category>
      <Category>Betu_All__Betu_Pap__Popu_Spp</Category>
      <Category>Betu_All__Betu_Pap__Popu_Tre</Category>
      <Category>Betu_Pap</Category>
      <Category>Betu_Pap__Betu_Spp__Pice_Gla__Pice_Mar__Pinu_Con__Popu_Tre</Category>
      <Category>Betu_Pap__Betu_Spp__Pice_Gla__Pice_Mar__Popu_Tre</Category>
      <Category>Betu_Pap__Betu_Spp__Pice_Gla__Pinu_Con__Popu_Tre</Category>
      <Category>Betu_Pap__Betu_Spp__Pice_Gla__Popu_Tre</Category>
      <Category>Betu_Pap__Betu_Spp__Pice_Mar__Popu_Tre</Category>
      <Category>Betu_Pap__Frax_Nig__Pice_Mar__Pinu_Ban__Popu_Spp</Category>
      <Category>Betu_Pap__Frax_Nig__Pice_Mar__Popu_Spp</Category>
      <Category>Betu_Pap__Lari_Lar</Category>
      <Category>Betu_Pap__Lari_Lar__Pice_Gla</Category>
      <Category>Betu_Pap__Lari_Lar__Pice_Gla__Pice_Mar</Category>
      <Category>Betu_Pap__Lari_Lar__Pice_Gla__Pice_Mar__Pinu_Ban</Category>
      <Category>Betu_Pap__Lari_Lar__Pice_Gla__Pice_Mar__Pinu_Ban__Popu_Tre</Category>
      <Category>Betu_Pap__Lari_Lar__Pice_Gla__Pice_Mar__Popu_Tre</Category>
      <Category>Betu_Pap__Lari_Lar__Pice_Mar</Category>
      <Category>Betu_Pap__Lari_Lar__Pice_Mar__Pinu_Ban</Category>
      <Category>Betu_Pap__Lari_Lar__Pice_Mar__Pinu_Ban__Popu_Tre</Category>
      <Category>Betu_Pap__Lari_Lar__Pice_Mar__Pinu_Con__Popu_Tre</Category>
      <Category>Betu_Pap__Lari_Lar__Pice_Mar__Popu_Bal</Category>
      <Category>Betu_Pap__Lari_Lar__Pice_Mar__Popu_Bal__Popu_Tre</Category>
      <Category>Betu_Pap__Lari_Lar__Pice_Mar__Popu_Spp</Category>
      <Category>Betu_Pap__Lari_Lar__Pice_Mar__Popu_Tre</Category>
      <Category>Betu_Pap__Lari_Lar__Popu_Bal__Popu_Tre</Category>
      <Category>Betu_Pap__Lari_Lar__Popu_Tre</Category>
      <Category>Betu_Pap__Pice_Gla</Category>
      <Category>Betu_Pap__Pice_Gla__Pice_Mar</Category>
      <Category>Betu_Pap__Pice_Gla__Pice_Mar__Pice_Spp__Pinu_Con__Popu_Tre</Category>
      <Category>Betu_Pap__Pice_Gla__Pice_Mar__Pice_Spp__Popu_Tre</Category>
      <Category>Betu_Pap__Pice_Gla__Pice_Mar__Pinu_Ban</Category>
      <Category>Betu_Pap__Pice_Gla__Pice_Mar__Pinu_Ban__Popu_Tre</Category>
      <Category>Betu_Pap__Pice_Gla__Pice_Mar__Pinu_Con</Category>
      <Category>Betu_Pap__Pice_Gla__Pice_Mar__Pinu_Con__Popu_Tre</Category>
      <Category>Betu_Pap__Pice_Gla__Pice_Mar__Popu_Bal__Popu_Tre</Category>
      <Category>Betu_Pap__Pice_Gla__Pice_Mar__Popu_Spp</Category>
      <Category>Betu_Pap__Pice_Gla__Pice_Mar__Popu_Tre</Category>
      <Category>Betu_Pap__Pice_Gla__Pice_Spp__Pinu_Con__Popu_Tre</Category>
      <Category>Betu_Pap__Pice_Gla__Pice_Spp__Popu_Tre</Category>
      <Category>Betu_Pap__Pice_Gla__Pinu_Con</Category>
      <Category>Betu_Pap__Pice_Gla__Pinu_Con__Popu_Bal__Popu_Tre</Category>
      <Category>Betu_Pap__Pice_Gla__Pinu_Con__Popu_Tre</Category>
      <Category>Betu_Pap__Pice_Gla__Popu_Bal__Popu_Tre</Category>
      <Category>Betu_Pap__Pice_Gla__Popu_Tre</Category>
      <Category>Betu_Pap__Pice_Mar</Category>
      <Category>Betu_Pap__Pice_Mar__Pice_Spp__Pinu_Con__Popu_Tre</Category>
      <Category>Betu_Pap__Pice_Mar__Pice_Spp__Popu_Tre</Category>
      <Category>Betu_Pap__Pice_Mar__Pinu_Ban</Category>
      <Category>Betu_Pap__Pice_Mar__Pinu_Ban__Pinu_Con__Popu_Tre</Category>
      <Category>Betu_Pap__Pice_Mar__Pinu_Ban__Pinu_Res</Category>
      <Category>Betu_Pap__Pice_Mar__Pinu_Ban__Pinu_Res__Popu_Spp</Category>
      <Category>Betu_Pap__Pice_Mar__Pinu_Ban__Popu_Spp</Category>
      <Category>Betu_Pap__Pice_Mar__Pinu_Ban__Popu_Spp__Popu_Tre</Category>
      <Category>Betu_Pap__Pice_Mar__Pinu_Ban__Popu_Tre</Category>
      <Category>Betu_Pap__Pice_Mar__Pinu_Con</Category>
      <Category>Betu_Pap__Pice_Mar__Pinu_Con__Popu_Bal__Popu_Tre</Category>
      <Category>Betu_Pap__Pice_Mar__Pinu_Con__Popu_Tre</Category>
      <Category>Betu_Pap__Pice_Mar__Pinu_Res</Category>
      <Category>Betu_Pap__Pice_Mar__Pinu_Res__Popu_Spp</Category>
      <Category>Betu_Pap__Pice_Mar__Popu_Bal__Popu_Tre</Category>
      <Category>Betu_Pap__Pice_Mar__Popu_Spp</Category>
      <Category>Betu_Pap__Pice_Mar__Popu_Spp__Popu_Tre</Category>
      <Category>Betu_Pap__Pice_Mar__Popu_Tre</Category>
      <Category>Betu_Pap__Pice_Spp__Pinu_Con__Popu_Tre</Category>
      <Category>Betu_Pap__Pice_Spp__Popu_Tre</Category>
      <Category>Betu_Pap__Pinu_Ban</Category>
      <Category>Betu_Pap__Pinu_Ban__Pinu_Res</Category>
      <Category>Betu_Pap__Pinu_Ban__Pinu_Res__Popu_Spp</Category>
      <Category>Betu_Pap__Pinu_Ban__Popu_Spp</Category>
      <Category>Betu_Pap__Pinu_Ban__Popu_Tre</Category>
      <Category>Betu_Pap__Pinu_Con</Category>
      <Category>Betu_Pap__Pinu_Con__Popu_Bal__Popu_Tre</Category>
      <Category>Betu_Pap__Pinu_Con__Popu_Tre</Category>
      <Category>Betu_Pap__Pinu_Con__Tsug_Spp</Category>
      <Category>Betu_Pap__Pinu_Res</Category>
      <Category>Betu_Pap__Pinu_Res__Popu_Spp</Category>
      <Category>Betu_Pap__Popu_Bal__Popu_Tre</Category>
      <Category>Betu_Pap__Popu_Spp</Category>
      <Category>Betu_Pap__Popu_Spp__Popu_Tre</Category>
      <Category>Betu_Pap__Popu_Tre</Category>
      <Category>Betu_Pap__Tsug_Can</Category>
      <Category>Betu_Spp</Category>
      <Category>Betu_Spp__Lari_Lar__Pice_Gla</Category>
      <Category>Betu_Spp__Pice_Gla</Category>
      <Category>Betu_Spp__Pice_Gla__Pice_Mar</Category>
      <Category>Betu_Spp__Pice_Gla__Pice_Mar__Pice_Spp__Pinu_Con__Popu_Tre</Category>
      <Category>Betu_Spp__Pice_Gla__Pice_Mar__Pinu_Ban__Popu_Tre</Category>
      <Category>Betu_Spp__Pice_Gla__Pice_Mar__Pinu_Con</Category>
      <Category>Betu_Spp__Pice_Gla__Pice_Mar__Pinu_Con__Popu_Tre</Category>
      <Category>Betu_Spp__Pice_Gla__Pice_Mar__Popu_Tre</Category>
      <Category>Betu_Spp__Pice_Gla__Pice_Spp__Pinu_Con__Popu_Tre</Category>
      <Category>Betu_Spp__Pice_Gla__Pice_Spp__Popu_Tre</Category>
      <Category>Betu_Spp__Pice_Gla__Pinu_Con</Category>
      <Category>Betu_Spp__Pice_Gla__Pinu_Con__Popu_Tre</Category>
      <Category>Betu_Spp__Pice_Gla__Popu_Bal__Popu_Tre</Category>
      <Category>Betu_Spp__Pice_Gla__Popu_Tre</Category>
      <Category>Betu_Spp__Pice_Mar</Category>
      <Category>Betu_Spp__Pice_Mar__Pinu_Con__Popu_Tre</Category>
      <Category>Betu_Spp__Pice_Mar__Popu_Tre</Category>
      <Category>Betu_Spp__Pinu_Con__Popu_Tre</Category>
      <Category>Betu_Spp__Popu_Tre</Category>
      <Category>Frax_Ame</Category>
      <Category>Frax_Ame__Popu_Bal</Category>
      <Category>Frax_Ame__Popu_Bal__Popu_Tre</Category>
      <Category>Frax_Ame__Popu_Tre</Category>
      <Category>Frax_Nig__Lari_Lar__Pice_Mar__Pinu_Ban__Popu_Tre</Category>
      <Category>Frax_Nig__Lari_Lar__Pice_Mar__Popu_Tre</Category>
      <Category>Frax_Nig__Lari_Lar__Popu_Bal__Popu_Tre</Category>
      <Category>Frax_Nig__Lari_Lar__Popu_Tre</Category>
      <Category>Frax_Nig__Pice_Mar__Pinu_Ban__Popu_Spp</Category>
      <Category>Frax_Nig__Pice_Mar__Pinu_Ban__Popu_Spp__Popu_Tre</Category>
      <Category>Frax_Nig__Pice_Mar__Pinu_Ban__Popu_Tre</Category>
      <Category>Frax_Nig__Pice_Mar__Popu_Bal__Popu_Tre</Category>
      <Category>Frax_Nig__Pice_Mar__Popu_Spp</Category>
      <Category>Frax_Nig__Pice_Mar__Popu_Spp__Popu_Tre</Category>
      <Category>Frax_Nig__Pice_Mar__Popu_Tre</Category>
      <Category>Frax_Nig__Popu_Bal__Popu_Tre</Category>
      <Category>Frax_Nig__Popu_Tre</Category>
      <Category>Lari_Lar</Category>
      <Category>Lari_Lar__Pice_Gla</Category>
      <Category>Lari_Lar__Pice_Gla__Pice_Mar</Category>
      <Category>Lari_Lar__Pice_Gla__Pice_Mar__Pice_Spp__Popu_Tre</Category>
      <Category>Lari_Lar__Pice_Gla__Pice_Mar__Pinu_Ban</Category>
      <Category>Lari_Lar__Pice_Gla__Pice_Mar__Pinu_Ban__Popu_Tre</Category>
      <Category>Lari_Lar__Pice_Gla__Pice_Mar__Pinu_Con</Category>
      <Category>Lari_Lar__Pice_Gla__Pice_Mar__Pinu_Con__Pinu_Spp</Category>
      <Category>Lari_Lar__Pice_Gla__Pice_Mar__Pinu_Con__Pinu_Spp__Popu_Tre</Category>
      <Category>Lari_Lar__Pice_Gla__Pice_Mar__Pinu_Con__Popu_Tre</Category>
      <Category>Lari_Lar__Pice_Gla__Pice_Mar__Pinu_Spp</Category>
      <Category>Lari_Lar__Pice_Gla__Pice_Mar__Pinu_Spp__Popu_Tre</Category>
      <Category>Lari_Lar__Pice_Gla__Pice_Mar__Popu_Bal</Category>
      <Category>Lari_Lar__Pice_Gla__Pice_Mar__Popu_Bal__Popu_Tre</Category>
      <Category>Lari_Lar__Pice_Gla__Pice_Mar__Popu_Tre</Category>
      <Category>Lari_Lar__Pice_Gla__Popu_Tre</Category>
      <Category>Lari_Lar__Pice_Mar</Category>
      <Category>Lari_Lar__Pice_Mar__Pice_Spp__Popu_Tre</Category>
      <Category>Lari_Lar__Pice_Mar__Pinu_Ban</Category>
      <Category>Lari_Lar__Pice_Mar__Pinu_Ban__Pinu_Con</Category>
      <Category>Lari_Lar__Pice_Mar__Pinu_Ban__Pinu_Res</Category>
      <Category>Lari_Lar__Pice_Mar__Pinu_Ban__Pinu_Spp</Category>
      <Category>Lari_Lar__Pice_Mar__Pinu_Ban__Pinu_Spp__Popu_Tre</Category>
      <Category>Lari_Lar__Pice_Mar__Pinu_Ban__Popu_Bal</Category>
      <Category>Lari_Lar__Pice_Mar__Pinu_Ban__Popu_Bal__Popu_Tre</Category>
      <Category>Lari_Lar__Pice_Mar__Pinu_Ban__Popu_Spp</Category>
      <Category>Lari_Lar__Pice_Mar__Pinu_Ban__Popu_Tre</Category>
      <Category>Lari_Lar__Pice_Mar__Pinu_Con</Category>
      <Category>Lari_Lar__Pice_Mar__Pinu_Con__Pinu_Spp</Category>
      <Category>Lari_Lar__Pice_Mar__Pinu_Con__Pinu_Spp__Popu_Tre</Category>
      <Category>Lari_Lar__Pice_Mar__Pinu_Con__Popu_Tre</Category>
      <Category>Lari_Lar__Pice_Mar__Pinu_Spp</Category>
      <Category>Lari_Lar__Pice_Mar__Pinu_Spp__Popu_Tre</Category>
      <Category>Lari_Lar__Pice_Mar__Popu_Bal</Category>
      <Category>Lari_Lar__Pice_Mar__Popu_Bal__Popu_Tre</Category>
      <Category>Lari_Lar__Pice_Mar__Popu_Spp</Category>
      <Category>Lari_Lar__Pice_Mar__Popu_Spp__Popu_Tre</Category>
      <Category>Lari_Lar__Pice_Mar__Popu_Tre</Category>
      <Category>Lari_Lar__Pinu_Ban</Category>
      <Category>Lari_Lar__Pinu_Ban__Popu_Tre</Category>
      <Category>Lari_Lar__Popu_Bal</Category>
      <Category>Lari_Lar__Popu_Bal__Popu_Tre</Category>
      <Category>Lari_Lar__Popu_Tre</Category>
      <Category>Lari_Lya</Category>
      <Category>Lari_Lya__Pice_Eng</Category>
      <Category>Lari_Lya__Pice_Eng__Pice_Spp</Category>
      <Category>Lari_Lya__Pice_Eng__Pinu_Con</Category>
      <Category>Lari_Lya__Pice_Spp</Category>
      <Category>Lari_Lya__Pinu_Con</Category>
      <Category>Lari_Occ__Pice_Eng__Pinu_Con</Category>
      <Category>Lari_Occ__Pinu_Con</Category>
      <Category>Lari_Spp__Pice_Eng__Pice_Spp</Category>
      <Category>Lari_Spp__Pice_Gla__Pice_Mar__Pice_Spp__Popu_Tre</Category>
      <Category>Lari_Spp__Pice_Mar</Category>
      <Category>Lari_Spp__Pice_Spp</Category>
      <Category>Lari_Spp__Pinu_Con</Category>
      <Category>Pice_Eng</Category>
      <Category>Pice_Eng__Pice_Gla</Category>
      <Category>Pice_Eng__Pice_Gla__Pice_Mar__Pinu_Con</Category>
      <Category>Pice_Eng__Pice_Gla__Pice_Spp__Pinu_Con</Category>
      <Category>Pice_Eng__Pice_Gla__Pice_Spp__Pinu_Con__Popu_Tre</Category>
      <Category>Pice_Eng__Pice_Gla__Pinu_Con</Category>
      <Category>Pice_Eng__Pice_Gla__Pinu_Con__Pinu_Spp</Category>
      <Category>Pice_Eng__Pice_Gla__Pinu_Con__Pinu_Spp__Popu_Tre</Category>
      <Category>Pice_Eng__Pice_Gla__Pinu_Con__Popu_Tre</Category>
      <Category>Pice_Eng__Pice_Mar__Pice_Spp__Pinu_Con</Category>
      <Category>Pice_Eng__Pice_Mar__Pinu_Con</Category>
      <Category>Pice_Eng__Pice_Spp</Category>
      <Category>Pice_Eng__Pice_Spp__Pinu_Con</Category>
      <Category>Pice_Eng__Pice_Spp__Pinu_Con__Popu_Tre</Category>
      <Category>Pice_Eng__Pice_Spp__Popu_Tre</Category>
      <Category>Pice_Eng__Pinu_Alb__Pinu_Con</Category>
      <Category>Pice_Eng__Pinu_Con</Category>
      <Category>Pice_Eng__Pinu_Con__Pinu_Spp</Category>
      <Category>Pice_Eng__Pinu_Con__Pinu_Spp__Popu_Bal</Category>
      <Category>Pice_Eng__Pinu_Con__Pinu_Spp__Popu_Tre</Category>
      <Category>Pice_Eng__Pinu_Con__Popu_Tre</Category>
      <Category>Pice_Eng__Popu_Tre</Category>
      <Category>Pice_Gla</Category>
      <Category>Pice_Gla__Pice_Mar</Category>
      <Category>Pice_Gla__Pice_Mar__Pice_Spp</Category>
      <Category>Pice_Gla__Pice_Mar__Pice_Spp__Pinu_Ban</Category>
      <Category>Pice_Gla__Pice_Mar__Pice_Spp__Pinu_Ban__Pinu_Con</Category>
      <Category>Pice_Gla__Pice_Mar__Pice_Spp__Pinu_Con</Category>
      <Category>Pice_Gla__Pice_Mar__Pice_Spp__Pinu_Con__Popu_Bal</Category>
      <Category>Pice_Gla__Pice_Mar__Pice_Spp__Pinu_Con__Popu_Bal__Popu_Tre</Category>
      <Category>Pice_Gla__Pice_Mar__Pice_Spp__Pinu_Con__Popu_Tre</Category>
      <Category>Pice_Gla__Pice_Mar__Pice_Spp__Popu_Tre</Category>
      <Category>Pice_Gla__Pice_Mar__Pinu_Ban</Category>
      <Category>Pice_Gla__Pice_Mar__Pinu_Ban__Pinu_Con</Category>
      <Category>Pice_Gla__Pice_Mar__Pinu_Ban__Pinu_Con__Pinu_Spp</Category>
      <Category>Pice_Gla__Pice_Mar__Pinu_Ban__Pinu_Con__Pinu_Spp__Popu_Tre</Category>
      <Category>Pice_Gla__Pice_Mar__Pinu_Ban__Pinu_Con__Popu_Tre</Category>
      <Category>Pice_Gla__Pice_Mar__Pinu_Ban__Pinu_Spp__Popu_Tre</Category>
      <Category>Pice_Gla__Pice_Mar__Pinu_Ban__Popu_Spp</Category>
      <Category>Pice_Gla__Pice_Mar__Pinu_Ban__Popu_Tre</Category>
      <Category>Pice_Gla__Pice_Mar__Pinu_Con</Category>
      <Category>Pice_Gla__Pice_Mar__Pinu_Con__Pinu_Spp</Category>
      <Category>Pice_Gla__Pice_Mar__Pinu_Con__Pinu_Spp__Popu_Tre</Category>
      <Category>Pice_Gla__Pice_Mar__Pinu_Con__Popu_Bal__Popu_Tre</Category>
      <Category>Pice_Gla__Pice_Mar__Pinu_Con__Popu_Tre</Category>
      <Category>Pice_Gla__Pice_Mar__Pinu_Spp</Category>
      <Category>Pice_Gla__Pice_Mar__Pinu_Spp__Popu_Tre</Category>
      <Category>Pice_Gla__Pice_Mar__Popu_Bal__Popu_Tre</Category>
      <Category>Pice_Gla__Pice_Mar__Popu_Spp</Category>
      <Category>Pice_Gla__Pice_Mar__Popu_Tre</Category>
      <Category>Pice_Gla__Pice_Spp</Category>
      <Category>Pice_Gla__Pice_Spp__Pinu_Ban</Category>
      <Category>Pice_Gla__Pice_Spp__Pinu_Con</Category>
      <Category>Pice_Gla__Pice_Spp__Pinu_Con__Popu_Bal</Category>
      <Category>Pice_Gla__Pice_Spp__Pinu_Con__Popu_Bal__Popu_Tre</Category>
      <Category>Pice_Gla__Pice_Spp__Pinu_Con__Popu_Tre</Category>
      <Category>Pice_Gla__Pice_Spp__Popu_Bal</Category>
      <Category>Pice_Gla__Pice_Spp__Popu_Bal__Popu_Tre</Category>
      <Category>Pice_Gla__Pice_Spp__Popu_Tre</Category>
      <Category>Pice_Gla__Pinu_Ban</Category>
      <Category>Pice_Gla__Pinu_Ban__Pinu_Con</Category>
      <Category>Pice_Gla__Pinu_Ban__Pinu_Con__Popu_Tre</Category>
      <Category>Pice_Gla__Pinu_Ban__Pinu_Spp__Popu_Tre</Category>
      <Category>Pice_Gla__Pinu_Ban__Popu_Spp</Category>
      <Category>Pice_Gla__Pinu_Ban__Popu_Tre</Category>
      <Category>Pice_Gla__Pinu_Con</Category>
      <Category>Pice_Gla__Pinu_Con__Pinu_Spp</Category>
      <Category>Pice_Gla__Pinu_Con__Pinu_Spp__Popu_Bal</Category>
      <Category>Pice_Gla__Pinu_Con__Pinu_Spp__Popu_Bal__Popu_Tre</Category>
      <Category>Pice_Gla__Pinu_Con__Pinu_Spp__Popu_Tre</Category>
      <Category>Pice_Gla__Pinu_Con__Popu_Bal__Popu_Tre</Category>
      <Category>Pice_Gla__Pinu_Con__Popu_Tre</Category>
      <Category>Pice_Gla__Pinu_Spp__Popu_Tre</Category>
      <Category>Pice_Gla__Popu_Bal</Category>
      <Category>Pice_Gla__Popu_Bal__Popu_Tre</Category>
      <Category>Pice_Gla__Popu_Spp</Category>
      <Category>Pice_Gla__Popu_Tre</Category>
      <Category>Pice_Mar</Category>
      <Category>Pice_Mar__Pice_Spp</Category>
      <Category>Pice_Mar__Pice_Spp__Pinu_Ban</Category>
      <Category>Pice_Mar__Pice_Spp__Pinu_Ban__Pinu_Con</Category>
      <Category>Pice_Mar__Pice_Spp__Pinu_Con</Category>
      <Category>Pice_Mar__Pice_Spp__Pinu_Con__Popu_Bal__Popu_Tre</Category>
      <Category>Pice_Mar__Pice_Spp__Pinu_Con__Popu_Tre</Category>
      <Category>Pice_Mar__Pice_Spp__Popu_Bal__Popu_Tre</Category>
      <Category>Pice_Mar__Pice_Spp__Popu_Tre</Category>
      <Category>Pice_Mar__Pinu_Ban</Category>
      <Category>Pice_Mar__Pinu_Ban__Pinu_Con</Category>
      <Category>Pice_Mar__Pinu_Ban__Pinu_Con__Pinu_Spp</Category>
      <Category>Pice_Mar__Pinu_Ban__Pinu_Con__Pinu_Spp__Popu_Tre</Category>
      <Category>Pice_Mar__Pinu_Ban__Pinu_Con__Popu_Tre</Category>
      <Category>Pice_Mar__Pinu_Ban__Pinu_Res</Category>
      <Category>Pice_Mar__Pinu_Ban__Pinu_Res__Popu_Spp</Category>
      <Category>Pice_Mar__Pinu_Ban__Pinu_Spp</Category>
      <Category>Pice_Mar__Pinu_Ban__Pinu_Spp__Popu_Tre</Category>
      <Category>Pice_Mar__Pinu_Ban__Popu_Bal__Popu_Tre</Category>
      <Category>Pice_Mar__Pinu_Ban__Popu_Spp</Category>
      <Category>Pice_Mar__Pinu_Ban__Popu_Spp__Popu_Tre</Category>
      <Category>Pice_Mar__Pinu_Ban__Popu_Tre</Category>
      <Category>Pice_Mar__Pinu_Con</Category>
      <Category>Pice_Mar__Pinu_Con__Pinu_Spp</Category>
      <Category>Pice_Mar__Pinu_Con__Pinu_Spp__Popu_Tre</Category>
      <Category>Pice_Mar__Pinu_Con__Popu_Bal__Popu_Tre</Category>
      <Category>Pice_Mar__Pinu_Con__Popu_Tre</Category>
      <Category>Pice_Mar__Pinu_Res</Category>
      <Category>Pice_Mar__Pinu_Res__Popu_Spp</Category>
      <Category>Pice_Mar__Pinu_Spp</Category>
      <Category>Pice_Mar__Pinu_Spp__Popu_Tre</Category>
      <Category>Pice_Mar__Popu_Bal</Category>
      <Category>Pice_Mar__Popu_Bal__Popu_Tre</Category>
      <Category>Pice_Mar__Popu_Bal__Tsug_Spp</Category>
      <Category>Pice_Mar__Popu_Spp</Category>
      <Category>Pice_Mar__Popu_Spp__Popu_Tre</Category>
      <Category>Pice_Mar__Popu_Tre</Category>
      <Category>Pice_Mar__Tsug_Can</Category>
      <Category>Pice_Mar__Tsug_Spp</Category>
      <Category>Pice_Spp</Category>
      <Category>Pice_Spp__Pinu_Alb__Pinu_Con</Category>
      <Category>Pice_Spp__Pinu_Ban</Category>
      <Category>Pice_Spp__Pinu_Con</Category>
      <Category>Pice_Spp__Pinu_Con__Popu_Bal</Category>
      <Category>Pice_Spp__Pinu_Con__Popu_Bal__Popu_Tre</Category>
      <Category>Pice_Spp__Pinu_Con__Popu_Tre</Category>
      <Category>Pice_Spp__Pinu_Con__Popu_Tre__Tsug_Spp</Category>
      <Category>Pice_Spp__Pinu_Con__Tsug_Spp</Category>
      <Category>Pice_Spp__Popu_Bal__Popu_Tre</Category>
      <Category>Pice_Spp__Popu_Bal__Popu_Tre__Tsug_Spp</Category>
      <Category>Pice_Spp__Popu_Bal__Tsug_Spp</Category>
      <Category>Pice_Spp__Popu_Tre</Category>
      <Category>Pice_Spp__Popu_Tre__Tsug_Spp</Category>
      <Category>Pice_Spp__Tsug_Spp</Category>
      <Category>Pinu_Alb</Category>
      <Category>Pinu_Alb__Pinu_Con</Category>
      <Category>Pinu_Ban</Category>
      <Category>Pinu_Ban__Pinu_Con</Category>
      <Category>Pinu_Ban__Pinu_Con__Popu_Tre</Category>
      <Category>Pinu_Ban__Pinu_Res</Category>
      <Category>Pinu_Ban__Pinu_Res__Popu_Spp</Category>
      <Category>Pinu_Ban__Pinu_Spp__Popu_Tre</Category>
      <Category>Pinu_Ban__Popu_Bal__Popu_Tre</Category>
      <Category>Pinu_Ban__Popu_Spp</Category>
      <Category>Pinu_Ban__Popu_Spp__Popu_Tre</Category>
      <Category>Pinu_Ban__Popu_Tre</Category>
      <Category>Pinu_Con</Category>
      <Category>Pinu_Con__Pinu_Spp</Category>
      <Category>Pinu_Con__Pinu_Spp__Popu_Bal</Category>
      <Category>Pinu_Con__Pinu_Spp__Popu_Bal__Popu_Tre</Category>
      <Category>Pinu_Con__Pinu_Spp__Popu_Tre</Category>
      <Category>Pinu_Con__Popu_Bal</Category>
      <Category>Pinu_Con__Popu_Bal__Popu_Tre</Category>
      <Category>Pinu_Con__Popu_Tre</Category>
      <Category>Pinu_Con__Tsug_Spp</Category>
      <Category>Pinu_Res</Category>
      <Category>Pinu_Res__Popu_Spp</Category>
      <Category>Pinu_Spp__Popu_Bal__Popu_Tre</Category>
      <Category>Pinu_Spp__Popu_Tre</Category>
      <Category>Popu_Bal</Category>
      <Category>Popu_Bal__Popu_Spp__Popu_Tre</Category>
      <Category>Popu_Bal__Popu_Tre</Category>
      <Category>Popu_Bal__Popu_Tre__Tsug_Spp</Category>
      <Category>Popu_Bal__Tsug_Spp</Category>
      <Category>Popu_Spp</Category>
      <Category>Popu_Spp__Popu_Tre</Category>
      <Category>Popu_Tre</Category>
      <Category>Popu_Tre__Tsug_Spp</Category>
      <Category>Tsug_Can</Category>
      <Category>Tsug_Spp</Category>
    </CategoryNames>
  </PAMRasterBand>
</PAMDataset>
